,Entity,Code,Year,Population (historical estimates)
257,Afghanistan,AFG,2020,38972236
258,Afghanistan,AFG,2021,40099460
516,Africa,,2020,1360677453
517,Africa,,2021,1393676724
775,Albania,ALB,2020,2866850
776,Albania,ALB,2021,2854710
1034,Algeria,DZA,2020,43451668
1035,Algeria,DZA,2021,44177964
1148,American Samoa,ASM,2020,46216
1149,American Samoa,ASM,2021,45056
1407,Andorra,AND,2020,77723
1408,Andorra,AND,2021,79057
1666,Angola,AGO,2020,33428490
1667,Angola,AGO,2021,34503776
1790,Anguilla,AIA,2020,15612
1791,Anguilla,AIA,2021,15779
2049,Antigua and Barbuda,ATG,2020,92672
2050,Antigua and Barbuda,ATG,2021,93229
2308,Argentina,ARG,2020,45036032
2309,Argentina,ARG,2021,45276788
2567,Armenia,ARM,2020,2805610
2568,Armenia,ARM,2021,2790971
2677,Aruba,ABW,2020,106597
2678,Aruba,ABW,2021,106543
2936,Asia,,2020,4663086623
2937,Asia,,2021,4693332132
3195,Australia,AUS,2020,25670052
3196,Australia,AUS,2021,25921094
3454,Austria,AUT,2020,8907780
3455,Austria,AUT,2021,8922086
3713,Azerbaijan,AZE,2020,10284952
3714,Azerbaijan,AZE,2021,10312992
3972,Bahamas,BHS,2020,406478
3973,Bahamas,BHS,2021,407920
4231,Bahrain,BHR,2020,1477478
4232,Bahrain,BHR,2021,1463266
4490,Bangladesh,BGD,2020,167420944
4491,Bangladesh,BGD,2021,169356240
4745,Barbados,BRB,2020,280704
4746,Barbados,BRB,2021,281204
5004,Belarus,BLR,2020,9633745
5005,Belarus,BLR,2021,9578172
5263,Belgium,BEL,2020,11561716
5264,Belgium,BEL,2021,11611416
5522,Belize,BLZ,2020,394931
5523,Belize,BLZ,2021,400037
5781,Benin,BEN,2020,12643121
5782,Benin,BEN,2021,12996901
5853,Bermuda,BMU,2020,64051
5854,Bermuda,BMU,2021,64213
6112,Bhutan,BTN,2020,772512
6113,Bhutan,BTN,2021,777500
6371,Bolivia,BOL,2020,11936169
6372,Bolivia,BOL,2021,12079474
6443,Bonaire Sint Eustatius and Saba,BES,2020,26178
6444,Bonaire Sint Eustatius and Saba,BES,2021,26730
6702,Bosnia and Herzegovina,BIH,2020,3318410
6703,Bosnia and Herzegovina,BIH,2021,3270948
6961,Botswana,BWA,2020,2546404
6962,Botswana,BWA,2021,2588424
7220,Brazil,BRA,2020,213196304
7221,Brazil,BRA,2021,214326224
7292,British Virgin Islands,VGB,2020,30934
7293,British Virgin Islands,VGB,2021,31145
7551,Brunei,BRN,2020,441736
7552,Brunei,BRN,2021,445382
7810,Bulgaria,BGR,2020,6979181
7811,Bulgaria,BGR,2021,6885864
8069,Burkina Faso,BFA,2020,21522632
8070,Burkina Faso,BFA,2021,22100690
8328,Burundi,BDI,2020,12220229
8329,Burundi,BDI,2021,12551215
8587,Cambodia,KHM,2020,16396864
8588,Cambodia,KHM,2021,16589031
8846,Cameroon,CMR,2020,26491090
8847,Cameroon,CMR,2021,27198632
9105,Canada,CAN,2020,37888704
9106,Canada,CAN,2021,38155012
9338,Cape Verde,CPV,2020,582646
9339,Cape Verde,CPV,2021,587936
9410,Cayman Islands,CYM,2020,67327
9411,Cayman Islands,CYM,2021,68157
9669,Central African Republic,CAF,2020,5343024
9670,Central African Republic,CAF,2021,5457165
9928,Chad,TCD,2020,16644707
9929,Chad,TCD,2021,17179744
10187,Chile,CHL,2020,19300318
10188,Chile,CHL,2021,19493184
10446,China,CHN,2020,1424929792
10447,China,CHN,2021,1425893504
10705,Colombia,COL,2020,50930656
10706,Colombia,COL,2021,51516560
10945,Comoros,COM,2020,806168
10946,Comoros,COM,2021,821632
11204,Congo,COG,2020,5702183
11205,Congo,COG,2021,5835814
11276,Cook Islands,COK,2020,17050
11277,Cook Islands,COK,2021,17028
11535,Costa Rica,CRI,2020,5123107
11536,Costa Rica,CRI,2021,5153959
11794,Cote d'Ivoire,CIV,2020,26811792
11795,Cote d'Ivoire,CIV,2021,27478250
12053,Croatia,HRV,2020,4096872
12054,Croatia,HRV,2021,4060139
12312,Cuba,CUB,2020,11300695
12313,Cuba,CUB,2021,11256373
12384,Curacao,CUW,2020,189298
12385,Curacao,CUW,2021,190348
12643,Cyprus,CYP,2020,1237540
12644,Cyprus,CYP,2021,1244193
12902,Czechia,CZE,2020,10530951
12903,Czechia,CZE,2021,10510748
13161,Democratic Republic of Congo,COD,2020,92853168
13162,Democratic Republic of Congo,COD,2021,95894120
13420,Denmark,DNK,2020,5825638
13421,Denmark,DNK,2021,5854246
13679,Djibouti,DJI,2020,1090162
13680,Djibouti,DJI,2021,1105562
13936,Dominica,DMA,2020,72011
13937,Dominica,DMA,2021,72435
14195,Dominican Republic,DOM,2020,10999668
14196,Dominican Republic,DOM,2021,11117873
14454,Ecuador,ECU,2020,17588596
14455,Ecuador,ECU,2021,17797736
14713,Egypt,EGY,2020,107465128
14714,Egypt,EGY,2021,109262184
14972,El Salvador,SLV,2020,6292734
14973,El Salvador,SLV,2021,6314165
15231,Equatorial Guinea,GNQ,2020,1596057
15232,Equatorial Guinea,GNQ,2021,1634473
15490,Eritrea,ERI,2020,3555869
15491,Eritrea,ERI,2021,3620324
15749,Estonia,EST,2020,1329449
15750,Estonia,EST,2021,1328704
16008,Eswatini,SWZ,2020,1180663
16009,Eswatini,SWZ,2021,1192273
16267,Ethiopia,ETH,2020,117190920
16268,Ethiopia,ETH,2021,120283024
16526,Europe,,2020,747463478
16527,Europe,,2021,746418539
16650,Faeroe Islands,FRO,2020,52440
16651,Faeroe Islands,FRO,2021,52915
16750,Falkland Islands,FLK,2020,3764
16751,Falkland Islands,FLK,2021,3786
17000,Fiji,FJI,2020,920430
17001,Fiji,FJI,2021,924615
17259,Finland,FIN,2020,5529468
17260,Finland,FIN,2021,5535982
17518,France,FRA,2020,64480052
17519,France,FRA,2021,64531448
17642,French Guiana,GUF,2020,290978
17643,French Guiana,GUF,2021,297462
17714,French Polynesia,PYF,2020,301935
17715,French Polynesia,PYF,2021,304038
17973,Gabon,GAB,2020,2292583
17974,Gabon,GAB,2021,2341185
18232,Gambia,GMB,2020,2574005
18233,Gambia,GMB,2021,2639922
18491,Georgia,GEO,2020,3765912
18492,Georgia,GEO,2021,3757984
18750,Germany,DEU,2020,83328992
18751,Germany,DEU,2021,83408560
19009,Ghana,GHA,2020,32180402
19010,Ghana,GHA,2021,32833036
19081,Gibraltar,GIB,2020,32739
19082,Gibraltar,GIB,2021,32698
19340,Greece,GRC,2020,10512232
19341,Greece,GRC,2021,10445368
19444,Greenland,GRL,2020,56049
19445,Greenland,GRL,2021,56266
19703,Grenada,GRD,2020,123672
19704,Grenada,GRD,2021,124624
19827,Guadeloupe,GLP,2020,395649
19828,Guadeloupe,GLP,2021,396057
19899,Guam,GUM,2020,169245
19900,Guam,GUM,2021,170546
20158,Guatemala,GTM,2020,17362716
20159,Guatemala,GTM,2021,17608484
20230,Guernsey,GGY,2020,62823
20231,Guernsey,GGY,2021,63092
20489,Guinea,GIN,2020,13205157
20490,Guinea,GIN,2021,13531909
20748,Guinea-Bissau,GNB,2020,2015839
20749,Guinea-Bissau,GNB,2021,2060730
21007,Guyana,GUY,2020,797207
21008,Guyana,GUY,2021,804571
21266,Haiti,HTI,2020,11306804
21267,Haiti,HTI,2021,11447575
21525,High-income countries,,2020,1218093003
21526,High-income countries,,2021,1219584303
21784,Honduras,HND,2020,10121762
21785,Honduras,HND,2021,10278346
22043,Hong Kong,HKG,2020,7500955
22044,Hong Kong,HKG,2021,7494580
22302,Hungary,HUN,2020,9750571
22303,Hungary,HUN,2021,9709784
22561,Iceland,ISL,2020,366682
22562,Iceland,ISL,2021,370338
22820,India,IND,2020,1396387072
22821,India,IND,2021,1407563904
23079,Indonesia,IDN,2020,271857984
23080,Indonesia,IDN,2021,273753184
23338,Iran,IRN,2020,87290192
23339,Iran,IRN,2021,87923432
23597,Iraq,IRQ,2020,42556988
23598,Iraq,IRQ,2021,43533592
23856,Ireland,IRL,2020,4946123
23857,Ireland,IRL,2021,4986525
23928,Isle of Man,IMN,2020,84063
23929,Isle of Man,IMN,2021,84286
24187,Israel,ISR,2020,8757487
24188,Israel,ISR,2021,8900057
24446,Italy,ITA,2020,59500576
24447,Italy,ITA,2021,59240336
24698,Jamaica,JAM,2020,2820438
24699,Jamaica,JAM,2021,2827701
24957,Japan,JPN,2020,125244760
24958,Japan,JPN,2021,124612528
25029,Jersey,JEY,2020,108332
25030,Jersey,JEY,2021,109634
25288,Jordan,JOR,2020,10928723
25289,Jordan,JOR,2021,11148288
25547,Kazakhstan,KAZ,2020,18979250
25548,Kazakhstan,KAZ,2021,19196468
25806,Kenya,KEN,2020,51985780
25807,Kenya,KEN,2021,53005616
26028,Kiribati,KIR,2020,126473
26029,Kiribati,KIR,2021,128883
26100,Kosovo,OWID_KOS,2020,1670702
26101,Kosovo,OWID_KOS,2021,1662022
26359,Kuwait,KWT,2020,4360451
26360,Kuwait,KWT,2021,4250111
26618,Kyrgyzstan,KGZ,2020,6424880
26619,Kyrgyzstan,KGZ,2021,6527742
26877,Laos,LAO,2020,7319397
26878,Laos,LAO,2021,7425055
27136,Latvia,LVA,2020,1897057
27137,Latvia,LVA,2021,1873926
27395,Lebanon,LBN,2020,5662924
27396,Lebanon,LBN,2021,5592626
27654,Lesotho,LSO,2020,2254104
27655,Lesotho,LSO,2021,2281464
27913,Liberia,LBR,2020,5087591
27914,Liberia,LBR,2021,5193422
28172,Libya,LBY,2020,6653946
28173,Libya,LBY,2021,6735280
28431,Liechtenstein,LIE,2020,38783
28432,Liechtenstein,LIE,2021,39058
28690,Lithuania,LTU,2020,2820269
28691,Lithuania,LTU,2021,2786652
28949,Low-income countries,,2020,680258922
28950,Low-income countries,,2021,698782037
29208,Lower-middle-income countries,,2020,3369707355
29209,Lower-middle-income countries,,2021,3411037255
29467,Luxembourg,LUX,2020,630401
29468,Luxembourg,LUX,2021,639330
29539,Macao,MAC,2020,676287
29540,Macao,MAC,2021,686616
29798,Madagascar,MDG,2020,28225182
29799,Madagascar,MDG,2021,28915652
30057,Malawi,MWI,2020,19377058
30058,Malawi,MWI,2021,19889742
30316,Malaysia,MYS,2020,33199988
30317,Malaysia,MYS,2021,33573872
30538,Maldives,MDV,2020,514451
30539,Maldives,MDV,2021,521469
30797,Mali,MLI,2020,21224042
30798,Mali,MLI,2021,21904990
31056,Malta,MLT,2020,515364
31057,Malta,MLT,2021,526751
31278,Marshall Islands,MHL,2020,43437
31279,Marshall Islands,MHL,2021,42074
31396,Martinique,MTQ,2020,370399
31397,Martinique,MTQ,2021,368799
31655,Mauritania,MRT,2020,4498605
31656,Mauritania,MRT,2021,4614981
31887,Mauritius,MUS,2020,1297830
31888,Mauritius,MUS,2021,1298922
31985,Mayotte,MYT,2020,305591
31986,Mayotte,MYT,2021,316022
32244,Mexico,MEX,2020,125998296
32245,Mexico,MEX,2021,126705136
32466,Micronesia (country),FSM,2020,112119
32467,Micronesia (country),FSM,2021,113143
32725,Moldova,MDA,2020,3084848
32726,Moldova,MDA,2021,3061509
32947,Monaco,MCO,2020,36943
32948,Monaco,MCO,2021,36713
33206,Mongolia,MNG,2020,3294340
33207,Mongolia,MNG,2021,3347782
33428,Montenegro,MNE,2020,629058
33429,Montenegro,MNE,2021,627856
33540,Montserrat,MSR,2020,4526
33541,Montserrat,MSR,2021,4438
33799,Morocco,MAR,2020,36688768
33800,Morocco,MAR,2021,37076588
34058,Mozambique,MOZ,2020,31178242
34059,Mozambique,MOZ,2021,32077074
34317,Myanmar,MMR,2020,53423200
34318,Myanmar,MMR,2021,53798088
34576,Namibia,NAM,2020,2489099
34577,Namibia,NAM,2021,2530150
34798,Nauru,NRU,2020,12339
34799,Nauru,NRU,2021,12533
35057,Nepal,NPL,2020,29348626
35058,Nepal,NPL,2021,30034988
35316,Netherlands,NLD,2020,17434562
35317,Netherlands,NLD,2021,17501696
35503,New Caledonia,NCL,2020,286412
35504,New Caledonia,NCL,2021,287809
35740,New Zealand,NZL,2020,5061130
35741,New Zealand,NZL,2021,5129730
35999,Nicaragua,NIC,2020,6755900
36000,Nicaragua,NIC,2021,6850546
36258,Niger,NER,2020,24333644
36259,Niger,NER,2021,25252722
36517,Nigeria,NGA,2020,208327408
36518,Nigeria,NGA,2021,213401328
36589,Niue,NIU,2020,1963
36590,Niue,NIU,2021,1957
36848,North America,,2020,594263186
36849,North America,,2021,597123384
37107,North Korea,PRK,2020,25867474
37108,North Korea,PRK,2021,25971910
37366,North Macedonia,MKD,2020,2111078
37367,North Macedonia,MKD,2021,2103329
37438,Northern Mariana Islands,MNP,2020,49611
37439,Northern Mariana Islands,MNP,2021,49503
37697,Norway,NOR,2020,5379836
37698,Norway,NOR,2021,5403021
37956,Oceania,,2020,43933757
37957,Oceania,,2021,44492065
38215,Oman,OMN,2020,4543406
38216,Oman,OMN,2021,4520474
38474,Pakistan,PAK,2020,227196736
38475,Pakistan,PAK,2021,231402112
38696,Palau,PLW,2020,17999
38697,Palau,PLW,2021,18050
38918,Palestine,PSE,2020,5019407
38919,Palestine,PSE,2021,5133393
39177,Panama,PAN,2020,4294391
39178,Panama,PAN,2021,4351264
39436,Papua New Guinea,PNG,2020,9749641
39437,Papua New Guinea,PNG,2021,9949438
39695,Paraguay,PRY,2020,6618700
39696,Paraguay,PRY,2021,6703802
39954,Peru,PER,2020,33304768
39955,Peru,PER,2021,33715464
40213,Philippines,PHL,2020,112190984
40214,Philippines,PHL,2021,113880336
40472,Poland,POL,2020,38428368
40473,Poland,POL,2021,38307724
40731,Portugal,PRT,2020,10298186
40732,Portugal,PRT,2021,10290109
40851,Puerto Rico,PRI,2020,3271570
40852,Puerto Rico,PRI,2021,3256030
41110,Qatar,QAT,2020,2760390
41111,Qatar,QAT,2021,2688239
41209,Reunion,REU,2020,957829
41210,Reunion,REU,2021,966132
41468,Romania,ROU,2020,19442040
41469,Romania,ROU,2021,19328558
41727,Russia,RUS,2020,145617328
41728,Russia,RUS,2021,145102752
41986,Rwanda,RWA,2020,13146367
41987,Rwanda,RWA,2021,13461891
42058,Saint Barthlemy,,2020,10706
42059,Saint Barthlemy,,2021,10888
42130,Saint Helena,SHN,2020,5448
42131,Saint Helena,SHN,2021,5428
42378,Saint Kitts and Nevis,KNA,2020,47666
42379,Saint Kitts and Nevis,KNA,2021,47631
42637,Saint Lucia,LCA,2020,179245
42638,Saint Lucia,LCA,2021,179663
42709,Saint Martin (French part),MAF,2020,32577
42710,Saint Martin (French part),MAF,2021,31964
42819,Saint Pierre and Miquelon,SPM,2020,5930
42820,Saint Pierre and Miquelon,SPM,2021,5905
43068,Saint Vincent and the Grenadines,VCT,2020,104644
43069,Saint Vincent and the Grenadines,VCT,2021,104340
43317,Samoa,WSM,2020,214934
43318,Samoa,WSM,2021,218781
43539,San Marino,SMR,2020,34038
43540,San Marino,SMR,2021,33772
43798,Sao Tome and Principe,STP,2020,218650
43799,Sao Tome and Principe,STP,2021,223118
44057,Saudi Arabia,SAU,2020,35997108
44058,Saudi Arabia,SAU,2021,35950396
44316,Senegal,SEN,2020,16436120
44317,Senegal,SEN,2021,16876726
44575,Serbia,SRB,2020,7358010
44576,Serbia,SRB,2021,7296771
44797,Seychelles,SYC,2020,105545
44798,Seychelles,SYC,2021,106486
45056,Sierra Leone,SLE,2020,8233973
45057,Sierra Leone,SLE,2021,8420642
45315,Singapore,SGP,2020,5909874
45316,Singapore,SGP,2021,5941063
45387,Sint Maarten (Dutch part),SXM,2020,43638
45388,Sint Maarten (Dutch part),SXM,2021,44061
45646,Slovakia,SVK,2020,5456681
45647,Slovakia,SVK,2021,5447621
45905,Slovenia,SVN,2020,2117648
45906,Slovenia,SVN,2021,2119408
46164,Solomon Islands,SLB,2020,691198
46165,Solomon Islands,SLB,2021,707855
46423,Somalia,SOM,2020,16537018
46424,Somalia,SOM,2021,17065588
46682,South Africa,ZAF,2020,58801928
46683,South Africa,ZAF,2021,59392256
46941,South America,,2020,431530105
46942,South America,,2021,434254167
47200,South Korea,KOR,2020,51844688
47201,South Korea,KOR,2021,51830136
47422,South Sudan,SSD,2020,10606224
47423,South Sudan,SSD,2021,10748278
47681,Spain,ESP,2020,47363808
47682,Spain,ESP,2021,47486932
47940,Sri Lanka,LKA,2020,21715076
47941,Sri Lanka,LKA,2021,21773438
48199,Sudan,SDN,2020,44440484
48200,Sudan,SDN,2021,45657204
48458,Suriname,SUR,2020,607068
48459,Suriname,SUR,2021,612989
48770,Sweden,SWE,2020,10368968
48771,Sweden,SWE,2021,10467095
49029,Switzerland,CHE,2020,8638609
49030,Switzerland,CHE,2021,8691409
49288,Syria,SYR,2020,20772602
49289,Syria,SYR,2021,21324366
49547,Taiwan,TWN,2020,23821468
49548,Taiwan,TWN,2021,23859904
49806,Tajikistan,TJK,2020,9543211
49807,Tajikistan,TJK,2021,9750078
50065,Tanzania,TZA,2020,61704520
50066,Tanzania,TZA,2021,63588332
50324,Thailand,THA,2020,71475664
50325,Thailand,THA,2021,71601104
50583,Timor,TLS,2020,1299998
50584,Timor,TLS,2021,1320944
50842,Togo,TGO,2020,8442583
50843,Togo,TGO,2021,8644829
50914,Tokelau,TKL,2020,1845
50915,Tokelau,TKL,2021,1869
51164,Tonga,TON,2020,105265
51165,Tonga,TON,2021,106034
51408,Trinidad and Tobago,TTO,2020,1518142
51409,Trinidad and Tobago,TTO,2021,1525671
51667,Tunisia,TUN,2020,12161720
51668,Tunisia,TUN,2021,12262949
51926,Turkey,TUR,2020,84135432
51927,Turkey,TUR,2021,84775408
52185,Turkmenistan,TKM,2020,6250442
52186,Turkmenistan,TKM,2021,6341850
52291,Turks and Caicos Islands,TCA,2020,44297
52292,Turks and Caicos Islands,TCA,2021,45141
52513,Tuvalu,TUV,2020,11090
52514,Tuvalu,TUV,2021,11229
52772,Uganda,UGA,2020,44404608
52773,Uganda,UGA,2021,45853780
53031,Ukraine,UKR,2020,43909664
53032,Ukraine,UKR,2021,43531424
53290,United Arab Emirates,ARE,2020,9287286
53291,United Arab Emirates,ARE,2021,9365149
53549,United Kingdom,GBR,2020,67059472
53550,United Kingdom,GBR,2021,67281040
53808,United States,USA,2020,335942016
53809,United States,USA,2021,336997632
53920,United States Virgin Islands,VIR,2020,100452
53921,United States Virgin Islands,VIR,2021,100100
54179,Upper-middle-income countries,,2020,2541463877
54180,Upper-middle-income countries,,2021,2548718303
54438,Uruguay,URY,2020,3429087
54439,Uruguay,URY,2021,3426265
54697,Uzbekistan,UZB,2020,33526662
54698,Uzbekistan,UZB,2021,34081452
54946,Vanuatu,VUT,2020,311694
54947,Vanuatu,VUT,2021,319146
55168,Vatican,VAT,2020,809
55169,Vatican,VAT,2021,812
55427,Venezuela,VEN,2020,28490458
55428,Venezuela,VEN,2021,28199862
55686,Vietnam,VNM,2020,96648680
55687,Vietnam,VNM,2021,97468024
55758,Wallis and Futuna,WLF,2020,11679
55759,Wallis and Futuna,WLF,2021,11654
55875,Western Sahara,ESH,2020,556060
55876,Western Sahara,ESH,2021,565590
56134,World,OWID_WRL,2020,7840952832
56135,World,OWID_WRL,2021,7909295104
56393,Yemen,YEM,2020,32284044
56394,Yemen,YEM,2021,32981644
56652,Zambia,ZMB,2020,18927716
56653,Zambia,ZMB,2021,19473132
56911,Zimbabwe,ZWE,2020,15669663
56912,Zimbabwe,ZWE,2021,15993525
